-- phpMyAdmin SQL Dump
-- version 4.7.0
-- https://www.phpmyadmin.net/
--
-- Host: 127.0.0.1
-- Generation Time: Dec 11, 2017 at 06:44 PM
-- Server version: 10.1.26-MariaDB
-- PHP Version: 7.1.8

SET SQL_MODE = "NO_AUTO_VALUE_ON_ZERO";
SET AUTOCOMMIT = 0;
START TRANSACTION;
SET time_zone = "+00:00";


/*!40101 SET @OLD_CHARACTER_SET_CLIENT=@@CHARACTER_SET_CLIENT */;
/*!40101 SET @OLD_CHARACTER_SET_RESULTS=@@CHARACTER_SET_RESULTS */;
/*!40101 SET @OLD_COLLATION_CONNECTION=@@COLLATION_CONNECTION */;
/*!40101 SET NAMES utf8mb4 */;

--
-- Database: `shop`
--

-- --------------------------------------------------------

--
-- Table structure for table `tbl_brand`
--

CREATE TABLE `tbl_brand` (
  `brand_id` int(11) NOT NULL,
  `brand_name` varchar(255) NOT NULL,
  `brand_description` text NOT NULL,
  `publication_status` tinyint(4) NOT NULL
) ENGINE=InnoDB DEFAULT CHARSET=latin1;

--
-- Dumping data for table `tbl_brand`
--

INSERT INTO `tbl_brand` (`brand_id`, `brand_name`, `brand_description`, `publication_status`) VALUES
(1, 'Symphony', '                                    Symphony Desc', 1),
(2, 'Samsung', 'Samsung desc', 1),
(3, 'IPhone', 'IPhone Desc<br>', 1);

-- --------------------------------------------------------

--
-- Table structure for table `tbl_category`
--

CREATE TABLE `tbl_category` (
  `id` int(11) NOT NULL,
  `category_name` varchar(100) NOT NULL,
  `category_description` text NOT NULL,
  `publication_status` tinyint(4) NOT NULL COMMENT 'Published=1,Unpublished=0'
) ENGINE=InnoDB DEFAULT CHARSET=latin1;

--
-- Dumping data for table `tbl_category`
--

INSERT INTO `tbl_category` (`id`, `category_name`, `category_description`, `publication_status`) VALUES
(1, 'Computer', 'Computer Desc', 1),
(2, 'Laptop', 'Laptop Desc', 1),
(3, 'Phone', 'Phone Desc', 1);

-- --------------------------------------------------------

--
-- Table structure for table `tbl_customer`
--

CREATE TABLE `tbl_customer` (
  `customer_id` int(11) NOT NULL,
  `customer_name` varchar(50) NOT NULL,
  `customer_email` varchar(100) NOT NULL,
  `customer_password` varchar(32) NOT NULL,
  `customer_address` text NOT NULL,
  `customer_city` varchar(50) NOT NULL,
  `customer_zipcode` varchar(20) NOT NULL,
  `customer_phone` varchar(20) NOT NULL,
  `customer_country` varchar(100) NOT NULL,
  `customer_active` tinyint(4) NOT NULL COMMENT 'Active=1,Unactive=0'
) ENGINE=InnoDB DEFAULT CHARSET=latin1;

--
-- Dumping data for table `tbl_customer`
--

INSERT INTO `tbl_customer` (`customer_id`, `customer_name`, `customer_email`, `customer_password`, `customer_address`, `customer_city`, `customer_zipcode`, `customer_phone`, `customer_country`, `customer_active`) VALUES
(4, 'Rostom Ali4444', 'rostomali4444@gmail.com', '21232f297a57a5a743894a0e4a801fc3', 'Comilla,Bangladesh', 'Comilla', '0152698', '014795', 'Bangladesh', 0),
(5, 'Rostom Ali4', 'rostomali4@gmail.com', '21232f297a57a5a743894a0e4a801fc3', 'Comilla,Bangladesh', 'Comilla', '0152698', '014795', 'Bangladesh', 0),
(6, 'Rostom Ali', 'rostomali@gmail.com', '21232f297a57a5a743894a0e4a801fc3', 'Comilla,Bangladesh', 'Comilla', '0152698', '014795', 'Bangladesh', 0),
(7, 'Rostom Ali3', 'rostomali444@gmail.com', '21232f297a57a5a743894a0e4a801fc3', 'Comilla,Bangladesh', 'Comilla', '0152698', '014795', 'Bangladesh', 0),
(8, 'Rostom Ali', 'rostomali44445@gmail.com', '21232f297a57a5a743894a0e4a801fc3', 'Comilla,Bangladesh', 'Comilla', '0152698', '014795', 'Pakistan', 0);

-- --------------------------------------------------------

--
-- Table structure for table `tbl_option`
--

CREATE TABLE `tbl_option` (
  `option_id` int(11) NOT NULL,
  `site_logo` varchar(100) NOT NULL,
  `site_favicon` varchar(100) NOT NULL,
  `site_copyright` varchar(255) NOT NULL,
  `site_contact_num1` varchar(100) NOT NULL,
  `site_contact_num2` varchar(100) NOT NULL,
  `site_facebook_link` varchar(100) NOT NULL,
  `site_twitter_link` varchar(100) NOT NULL,
  `site_google_plus_link` varchar(100) NOT NULL,
  `site_email_link` varchar(100) NOT NULL,
  `contact_title` varchar(255) NOT NULL,
  `contact_subtitle` varchar(255) NOT NULL,
  `contact_description` text NOT NULL,
  `company_location` varchar(255) NOT NULL,
  `company_number` varchar(100) NOT NULL,
  `company_email` varchar(100) NOT NULL,
  `company_facebook` varchar(100) NOT NULL,
  `company_twitter` varchar(100) NOT NULL
) ENGINE=InnoDB DEFAULT CHARSET=latin1;

--
-- Dumping data for table `tbl_option`
--

INSERT INTO `tbl_option` (`option_id`, `site_logo`, `site_favicon`, `site_copyright`, `site_contact_num1`, `site_contact_num2`, `site_facebook_link`, `site_twitter_link`, `site_google_plus_link`, `site_email_link`, `contact_title`, `contact_subtitle`, `contact_description`, `company_location`, `company_number`, `company_email`, `company_facebook`, `company_twitter`) VALUES
(1, 'logo1.png', 'logo2.png', '© Right By Rostom Ali', '01793589850', '01793589850', 'https://www.facebook.com', 'https://www.twitter.com', 'https://www.plus.google.com', 'https://www.gmail.com', 'Contact Page', 'Contact Page Subtitle', '                                                                                                                                                                                                                                                                                                                                                                                                                                                                                                                                                                                                                                                                                                                                                                                                                         Contact Page Description\r\n                                \r\n                                \r\n                                \r\n                                \r\n                                \r\n                                \r\n                                \r\n                                \r\n                                \r\n                                \r\n                                \r\n                                \r\n                                \r\n                                \r\n                                \r\n                                \r\n                                \r\n                                \r\n                                \r\n                                ', '                                                                                                                                                Here Will Be Company Location<br>                                                                              ', '01793589850', 'https://www.gmail.com', 'https://www.facebook.com', 'https://www.twitter.com');

-- --------------------------------------------------------

--
-- Table structure for table `tbl_order`
--

CREATE TABLE `tbl_order` (
  `order_id` int(11) NOT NULL,
  `customer_id` int(11) NOT NULL,
  `shipping_id` int(11) NOT NULL,
  `payment_id` int(11) NOT NULL,
  `order_total` float NOT NULL,
  `actions` varchar(50) NOT NULL DEFAULT 'Pending'
) ENGINE=InnoDB DEFAULT CHARSET=latin1;

--
-- Dumping data for table `tbl_order`
--

INSERT INTO `tbl_order` (`order_id`, `customer_id`, `shipping_id`, `payment_id`, `order_total`, `actions`) VALUES
(2, 4, 7, 8, 11500, 'Pending'),
(3, 4, 8, 9, 81075, 'Pending'),
(8, 4, 9, 14, 402500, 'Pending');

-- --------------------------------------------------------

--
-- Table structure for table `tbl_order_details`
--

CREATE TABLE `tbl_order_details` (
  `order_details_id` int(11) NOT NULL,
  `order_id` int(11) NOT NULL,
  `product_id` int(11) NOT NULL,
  `product_name` varchar(255) NOT NULL,
  `product_price` float NOT NULL,
  `product_sales_quantity` int(11) NOT NULL,
  `product_image` varchar(55) DEFAULT NULL
) ENGINE=InnoDB DEFAULT CHARSET=latin1;

--
-- Dumping data for table `tbl_order_details`
--

INSERT INTO `tbl_order_details` (`order_details_id`, `order_id`, `product_id`, `product_name`, `product_price`, `product_sales_quantity`, `product_image`) VALUES
(1, 2, 5, 'Product Five', 10000, 1, NULL),
(2, 3, 5, 'Product Five', 10000, 4, NULL),
(3, 3, 3, 'Product Three', 3500, 3, NULL),
(4, 3, 1, 'Product One', 20000, 1, NULL),
(5, 8, 4, 'Product Four', 350000, 1, 'pic3.jpg');

-- --------------------------------------------------------

--
-- Table structure for table `tbl_payment`
--

CREATE TABLE `tbl_payment` (
  `payment_id` int(11) NOT NULL,
  `payment_type` varchar(50) NOT NULL,
  `actions` varchar(50) NOT NULL DEFAULT 'pending'
) ENGINE=InnoDB DEFAULT CHARSET=latin1;

--
-- Dumping data for table `tbl_payment`
--

INSERT INTO `tbl_payment` (`payment_id`, `payment_type`, `actions`) VALUES
(1, 'cashon', 'pending'),
(2, 'ssl', 'pending'),
(3, 'cashon', 'pending'),
(4, 'cashon', 'pending'),
(5, 'cashon', 'pending'),
(6, 'cashon', 'pending'),
(7, 'cashon', 'pending'),
(8, 'cashon', 'pending'),
(9, 'cashon', 'pending'),
(10, 'cashon', 'pending'),
(11, 'cashon', 'pending'),
(12, 'cashon', 'pending'),
(13, 'cashon', 'pending'),
(14, 'cashon', 'pending');

-- --------------------------------------------------------

--
-- Table structure for table `tbl_product`
--

CREATE TABLE `tbl_product` (
  `product_id` int(11) NOT NULL,
  `product_title` varchar(255) NOT NULL,
  `product_short_description` text NOT NULL,
  `product_long_description` text NOT NULL,
  `product_image` varchar(255) NOT NULL,
  `product_price` int(11) NOT NULL,
  `product_quantity` int(11) NOT NULL,
  `product_feature` tinyint(4) NOT NULL,
  `product_category` int(11) NOT NULL,
  `product_brand` int(11) NOT NULL,
  `product_author` int(11) NOT NULL,
  `product_view` int(11) NOT NULL DEFAULT '0',
  `published_date` timestamp NOT NULL DEFAULT CURRENT_TIMESTAMP,
  `publication_status` tinyint(4) NOT NULL
) ENGINE=InnoDB DEFAULT CHARSET=latin1;

--
-- Dumping data for table `tbl_product`
--

INSERT INTO `tbl_product` (`product_id`, `product_title`, `product_short_description`, `product_long_description`, `product_image`, `product_price`, `product_quantity`, `product_feature`, `product_category`, `product_brand`, `product_author`, `product_view`, `published_date`, `publication_status`) VALUES
(1, 'Product One', '                                                                                                            There are many variations of passages of Lorem Ipsum available, but the \r\nmajority have suffered alteration in some form, by injected humour, or \r\nrandomised words which don\'t look even slightly believable. If you are \r\ngoing to use a passage of Lorem Ipsum, you need to be sure there isn\'t \r\nanything embarrassing hidden in the                                                                                                ', '                                                                                                            There are many variations of passages of Lorem Ipsum available, but the \r\nmajority have suffered alteration in some form, by injected humour, or \r\nrandomised words which don\'t look even slightly believable. If you are \r\ngoing to use a passage of Lorem Ipsum, you need to be sure there isn\'t \r\nanything embarrassing hidden in the middle of text. All the Lorem Ipsum \r\ngenerators on the Internet tend to repeat predefined chunks as \r\nnecessary, making this the first true generator on the Internet. It uses\r\n a dictionary of over 200 Latin words, combined with a handful of model \r\nsentence structures, to generate Lorem Ipsum which looks reasonable. The\r\n generated Lorem Ipsum is therefore always free from repetition, \r\ninjected humour, or non-characteristic words etc                                                                                                ', 'feature-pic1.png', 20000, 50, 1, 1, 2, 1, 0, '2017-11-30 14:24:41', 1),
(2, 'Prduct Two', '                                    There are many variations of passages of Lorem Ipsum available, but the \r\nmajority have suffered alteration in some form, byThere are many variations of passages of Lorem Ipsum available, but the \r\nmajority have suffered alteration in some form, by injected humour, or \r\nrandomised words which don\'t look even slightly believable. If you are \r\ngoing to use a passage of Lorem Ipsum, you need to be sure there isn\'t \r\nanything embarrassing orem Ipsum is therefore always free from repetition, \r\ninjected humour, or non-characteristic words etcd humour, or non-characteristic words etc                                ', '                                    There are many variations of passages of Lorem Ipsum available, but the \r\nmajority have suffered alteration in some form, by injected humour, or \r\nrandomised words which don\'t look even slightly believable. If you are \r\ngoing to use a passage of Lorem Ipsum, you need to be sure there isn\'t \r\nanything embarrassing hidden in the middle of text. All the Lorem Ipsum \r\ngenerators on the Internet tend to repeat predefined chunks as \r\nnecessary, making this the first true generator on the Internet. It uses\r\n a dictionary of over 200 Latin words, combined with a handful of model \r\nsentence structures, to generate Lorem Ipsum which looks reasonable. The\r\n generated Lorem Ipsum is therefore always free from repetition, \r\ninjected humour, or non-characteristic words etcThere are many variations of passages of Lorem Ipsum available, but the \r\nmajority have suffered alteration in some form, by injected humour, or \r\nrandomised words which don\'t look even slightly believable. If you are \r\ngoing to use a passage of Lorem Ipsum, you need to be sure there isn\'t \r\nanything embarrassing hidden in the middle of text. All the Lorem Ipsum \r\ngenerators on the Internet tend to repeat predefined chunks as \r\nnecessary, making this the first true generator on the Internet. It uses\r\n a dictionary of over 200 Latin words, combined with a handful of model \r\nsentence structures, to generate Lorem Ipsum which looks reasonable. The\r\n generated Lorem Ipsum is therefore always free from repetition, \r\ninjected humour, or non-characteristic words etc                                ', 'feature-pic2.jpg', 15000, 50, 1, 3, 3, 1, 0, '2017-11-30 14:29:04', 1),
(3, 'Product Three', 'There are many variations of passages of Lorem Ipsum available, but the \r\nmajority have suffered alteration in some form, by injected humour, or \r\nrandomised words which don\'t look even slightly believable. ', '                                                                        There are many variations of passages of Lorem Ipsum available, but the \r\nmajority have suffered alteration in some form, by injected humour, or \r\nrandomised words which don\'t look even slightly believable. If you are \r\ngoing to use a passage of Lorem Ipsum, you need to be sure there isn\'t \r\nanything embarrassing hidden in the middle of text. All the Lorem Ipsum \r\ngenerators on the Internet tend to repeat predefined chunks as \r\nnecessary, making this the first true generator on the Internet. It uses\r\n a dictionary of over 200 Latin words, combined with a handful of model \r\nsentence structures, to generate Lorem Ipsum which looks reasonable. The\r\n generated Lorem Ipsum is therefore always free from repetition, \r\ninjected humour, or non-characteristic words etcThere are many variations of passages of Lorem Ipsum available, but the \r\nmajority have suffered alteration in some form, by injected humour, or \r\nrandomised words which don\'t look even slightly believable. If you are \r\ngoing to use a passage of Lorem Ipsum, you need to be sure there isn\'t \r\nanything embarrassing hidden in the middle of text. All the Lorem Ipsum \r\ngenerators on the Internet tend to repeat predefined chunks as \r\nnecessary, making this the first true generator on the Internet. It uses\r\n a dictionary of over 200 Latin words, combined with a handful of model \r\nsentence structures, to generate Lorem Ipsum which looks reasonable. The\r\n generated Lorem Ipsum is therefore always free from repetition, \r\ninjected humour, or non-characteristic words etc                                                                ', 'feature-pic3.jpg', 3500, 35, 1, 3, 3, 1, 0, '2017-11-30 14:38:25', 1),
(4, 'Product Four', 'There are many variations of passages of Lorem Ipsum available, but the \r\nmajority have suffered alteration in some form, by injected humour, or \r\nrandomised words which don\'t look even slightly believable. ', '                                                                        There are many variations of passages of Lorem Ipsum available, but the \r\nmajority have suffered alteration in some form, by injected humour, or \r\nrandomised words which don\'t look even slightly believable. If you are \r\ngoing to use a passage of Lorem Ipsum, you need to be sure there isn\'t \r\nanything embarrassing hidden in the middle of text. All the Lorem Ipsum \r\ngenerators on the Internet tend to repeat predefined chunks as \r\nnecessary, making this the first true generator on the Internet. It uses\r\n a dictionary of over 200 Latin words, combined with a handful of model \r\nsentence structures, to generate Lorem Ipsum which looks reasonable. The\r\n generated Lorem Ipsum is therefore always free from repetition, \r\ninjected humour, or non-characteristic words etcThere are many variations of passages of Lorem Ipsum available, but the \r\nmajority have suffered alteration in some form, by injected humour, or \r\nrandomised words which don\'t look even slightly believable. If you are \r\ngoing to use a passage of Lorem Ipsum, you need to be sure there isn\'t \r\nanything embarrassing hidden in the middle of text. All the Lorem Ipsum \r\ngenerators on the Internet tend to repeat predefined chunks as \r\nnecessary, making this the first true generator on the Internet. It uses\r\n a dictionary of over 200 Latin words, combined with a handful of model \r\nsentence structures, to generate Lorem Ipsum which looks reasonable. The\r\n generated Lorem Ipsum is therefore always free from repetition, \r\ninjected humour, or non-characteristic words etcThere are many variations of passages of Lorem Ipsum available, but the \r\nmajority have suffered alteration in some form, by injected humour, or \r\nrandomised words which don\'t look even slightly believable. If you are \r\ngoing to use a passage of Lorem Ipsum, you need to be sure there isn\'t \r\nanything embarrassing hidden in the middle of text. All the Lorem Ipsum \r\ngenerators on the Internet tend to repeat predefined chunks as \r\nnecessary, making this the first true generator on the Internet. It uses\r\n a dictionary of over 200 Latin words, combined with a handful of model \r\nsentence structures, to generate Lorem Ipsum which looks reasonable. The\r\n generated Lorem Ipsum is therefore always free from repetition, \r\ninjected humour, or non-characteristic words etc                                                                ', 'pic3.jpg', 350000, 150, 1, 2, 2, 1, 0, '2017-11-30 14:38:57', 1),
(5, 'Product Five', 'There are many variations of passages of Lorem Ipsum available, but the \r\nmajority have suffered alteration in some form, by injected humour, or \r\nrandomised words which don\'t look even slightly believable. ', '                                    There are many variations of passages of Lorem Ipsum available, but the \r\nmajority have suffered alteration in some form, by injected humour, or \r\nrandomised words which don\'t look even slightly believable. If you are \r\ngoing to use a passage of Lorem Ipsum, you need to be sure there isn\'t \r\nanything embarrassing hidden in the middle of text. All the Lorem Ipsum \r\ngenerators on the Internet tend to repeat predefined chunks as \r\nnecessary, making this the first true generator on the Internet. It uses\r\n a dictionary of over 200 Latin words, combined with a handful of model \r\nsentence structures, to generate Lorem Ipsum which looks reasonable. The\r\n generated Lorem Ipsum is therefore always free from repetition, \r\ninjected humour, or non-characteristic words etcThere are many variations of passages of Lorem Ipsum available, but the \r\nmajority have suffered alteration in some form, by injected humour, or \r\nrandomised words which don\'t look even slightly believable. If you are \r\ngoing to use a passage of Lorem Ipsum, you need to be sure there isn\'t \r\nanything embarrassing hidden in the middle of text. All the Lorem Ipsum \r\ngenerators on the Internet tend to repeat predefined chunks as \r\nnecessary, making this the first true generator on the Internet. It uses\r\n a dictionary of over 200 Latin words, combined with a handful of model \r\nsentence structures, to generate Lorem Ipsum which looks reasonable. The\r\n generated Lorem Ipsum is therefore always free from repetition, \r\ninjected humour, or non-characteristic words etc                                ', 'preview-img.jpg', 10000, 25, 1, 1, 2, 1, 0, '2017-11-30 14:40:34', 1);

-- --------------------------------------------------------

--
-- Table structure for table `tbl_shipping`
--

CREATE TABLE `tbl_shipping` (
  `shipping_id` int(11) NOT NULL,
  `customer_id` int(11) NOT NULL,
  `shipping_name` varchar(50) NOT NULL,
  `shipping_email` varchar(100) NOT NULL,
  `shipping_address` text NOT NULL,
  `shipping_city` varchar(100) NOT NULL,
  `shipping_country` varchar(50) NOT NULL,
  `shipping_phone` varchar(20) NOT NULL,
  `shipping_zipcode` varchar(20) NOT NULL
) ENGINE=InnoDB DEFAULT CHARSET=latin1;

--
-- Dumping data for table `tbl_shipping`
--

INSERT INTO `tbl_shipping` (`shipping_id`, `customer_id`, `shipping_name`, `shipping_email`, `shipping_address`, `shipping_city`, `shipping_country`, `shipping_phone`, `shipping_zipcode`) VALUES
(3, 4, 'Amjad Hossain', 'amjad@gmail.com', 'bangladesh', 'comilla', 'Bangladesh', '555', '555'),
(4, 4, 'Amjad Hossain', 'amjad2@gmail.com', 'bangladesh', 'comilla', 'Pakistan', '555', '555'),
(5, 4, 'Amjad Hossain', 'amjad4@gmail.com', 'bangladesh', 'comilla', 'Bangladesh', '555', '555'),
(6, 4, 'Amjad Hossain', 'amjad62@gmail.com', 'bangladesh', 'comilla', 'Afghanistan', '555', '555'),
(7, 4, 'Amjad Hossain', 'amjad23@gmail.com', 'bangladesh', 'comilla', 'Afghanistan', '555', '555'),
(8, 4, 'Amjad Hossain', 'amjad233@gmail.com', 'bangladesh', 'comilla', 'Bangladesh', '555', '555'),
(9, 0, 'Rostom', 'rostom@gmail.com', 'bangladesh', 'comilla', 'Bangladesh', '555', '555');

-- --------------------------------------------------------

--
-- Table structure for table `tbl_slider`
--

CREATE TABLE `tbl_slider` (
  `slider_id` int(11) NOT NULL,
  `slider_title` varchar(255) NOT NULL,
  `slider_image` varchar(255) NOT NULL,
  `slider_link` varchar(255) NOT NULL,
  `publication_status` tinyint(4) NOT NULL
) ENGINE=InnoDB DEFAULT CHARSET=latin1;

--
-- Dumping data for table `tbl_slider`
--

INSERT INTO `tbl_slider` (`slider_id`, `slider_title`, `slider_image`, `slider_link`, `publication_status`) VALUES
(1, 'slider', '3.jpg', 'http://localhost/shop/single/5', 1),
(2, 'slider 2', '1.jpg', 'http://localhost/shop/single/5', 1),
(3, 'slider 3', '2.jpg', 'http://localhost/shop/add/slider 3', 1);

-- --------------------------------------------------------

--
-- Table structure for table `tbl_user`
--

CREATE TABLE `tbl_user` (
  `user_id` int(11) NOT NULL,
  `user_name` varchar(255) NOT NULL,
  `user_email` varchar(255) NOT NULL,
  `user_password` varchar(255) NOT NULL,
  `user_role` tinyint(4) NOT NULL,
  `created_time` timestamp NOT NULL DEFAULT CURRENT_TIMESTAMP,
  `updated_time` timestamp NOT NULL DEFAULT CURRENT_TIMESTAMP
) ENGINE=InnoDB DEFAULT CHARSET=latin1;

--
-- Dumping data for table `tbl_user`
--

INSERT INTO `tbl_user` (`user_id`, `user_name`, `user_email`, `user_password`, `user_role`, `created_time`, `updated_time`) VALUES
(1, 'admin', 'admin@gmail.com', '21232f297a57a5a743894a0e4a801fc3', 1, '2017-11-13 18:31:36', '2017-11-13 18:31:36'),
(2, 'editor', 'editor@gmail.com', '5aee9dbd2a188839105073571bee1b1f', 2, '2017-11-13 18:31:36', '2017-11-13 18:31:36'),
(3, 'author', 'author@gmail.com', '02bd92faa38aaa6cc0ea75e59937a1ef', 3, '2017-11-13 18:31:36', '2017-11-13 18:31:36');

-- --------------------------------------------------------

--
-- Table structure for table `user_role`
--

CREATE TABLE `user_role` (
  `role_id` int(11) NOT NULL,
  `role_name` varchar(255) NOT NULL
) ENGINE=InnoDB DEFAULT CHARSET=latin1;

--
-- Dumping data for table `user_role`
--

INSERT INTO `user_role` (`role_id`, `role_name`) VALUES
(1, 'Admin'),
(2, 'Author'),
(3, 'Editor');

--
-- Indexes for dumped tables
--

--
-- Indexes for table `tbl_brand`
--
ALTER TABLE `tbl_brand`
  ADD PRIMARY KEY (`brand_id`);

--
-- Indexes for table `tbl_category`
--
ALTER TABLE `tbl_category`
  ADD PRIMARY KEY (`id`);

--
-- Indexes for table `tbl_customer`
--
ALTER TABLE `tbl_customer`
  ADD PRIMARY KEY (`customer_id`);

--
-- Indexes for table `tbl_option`
--
ALTER TABLE `tbl_option`
  ADD PRIMARY KEY (`option_id`);

--
-- Indexes for table `tbl_order`
--
ALTER TABLE `tbl_order`
  ADD PRIMARY KEY (`order_id`);

--
-- Indexes for table `tbl_order_details`
--
ALTER TABLE `tbl_order_details`
  ADD PRIMARY KEY (`order_details_id`);

--
-- Indexes for table `tbl_payment`
--
ALTER TABLE `tbl_payment`
  ADD PRIMARY KEY (`payment_id`);

--
-- Indexes for table `tbl_product`
--
ALTER TABLE `tbl_product`
  ADD PRIMARY KEY (`product_id`);

--
-- Indexes for table `tbl_shipping`
--
ALTER TABLE `tbl_shipping`
  ADD PRIMARY KEY (`shipping_id`);

--
-- Indexes for table `tbl_slider`
--
ALTER TABLE `tbl_slider`
  ADD PRIMARY KEY (`slider_id`);

--
-- Indexes for table `tbl_user`
--
ALTER TABLE `tbl_user`
  ADD PRIMARY KEY (`user_id`);

--
-- Indexes for table `user_role`
--
ALTER TABLE `user_role`
  ADD PRIMARY KEY (`role_id`);

--
-- AUTO_INCREMENT for dumped tables
--

--
-- AUTO_INCREMENT for table `tbl_brand`
--
ALTER TABLE `tbl_brand`
  MODIFY `brand_id` int(11) NOT NULL AUTO_INCREMENT, AUTO_INCREMENT=4;
--
-- AUTO_INCREMENT for table `tbl_category`
--
ALTER TABLE `tbl_category`
  MODIFY `id` int(11) NOT NULL AUTO_INCREMENT, AUTO_INCREMENT=4;
--
-- AUTO_INCREMENT for table `tbl_customer`
--
ALTER TABLE `tbl_customer`
  MODIFY `customer_id` int(11) NOT NULL AUTO_INCREMENT, AUTO_INCREMENT=9;
--
-- AUTO_INCREMENT for table `tbl_option`
--
ALTER TABLE `tbl_option`
  MODIFY `option_id` int(11) NOT NULL AUTO_INCREMENT, AUTO_INCREMENT=2;
--
-- AUTO_INCREMENT for table `tbl_order`
--
ALTER TABLE `tbl_order`
  MODIFY `order_id` int(11) NOT NULL AUTO_INCREMENT, AUTO_INCREMENT=9;
--
-- AUTO_INCREMENT for table `tbl_order_details`
--
ALTER TABLE `tbl_order_details`
  MODIFY `order_details_id` int(11) NOT NULL AUTO_INCREMENT, AUTO_INCREMENT=6;
--
-- AUTO_INCREMENT for table `tbl_payment`
--
ALTER TABLE `tbl_payment`
  MODIFY `payment_id` int(11) NOT NULL AUTO_INCREMENT, AUTO_INCREMENT=15;
--
-- AUTO_INCREMENT for table `tbl_product`
--
ALTER TABLE `tbl_product`
  MODIFY `product_id` int(11) NOT NULL AUTO_INCREMENT, AUTO_INCREMENT=6;
--
-- AUTO_INCREMENT for table `tbl_shipping`
--
ALTER TABLE `tbl_shipping`
  MODIFY `shipping_id` int(11) NOT NULL AUTO_INCREMENT, AUTO_INCREMENT=10;
--
-- AUTO_INCREMENT for table `tbl_slider`
--
ALTER TABLE `tbl_slider`
  MODIFY `slider_id` int(11) NOT NULL AUTO_INCREMENT, AUTO_INCREMENT=4;
--
-- AUTO_INCREMENT for table `tbl_user`
--
ALTER TABLE `tbl_user`
  MODIFY `user_id` int(11) NOT NULL AUTO_INCREMENT, AUTO_INCREMENT=4;
--
-- AUTO_INCREMENT for table `user_role`
--
ALTER TABLE `user_role`
  MODIFY `role_id` int(11) NOT NULL AUTO_INCREMENT, AUTO_INCREMENT=4;COMMIT;

/*!40101 SET CHARACTER_SET_CLIENT=@OLD_CHARACTER_SET_CLIENT */;
/*!40101 SET CHARACTER_SET_RESULTS=@OLD_CHARACTER_SET_RESULTS */;
/*!40101 SET COLLATION_CONNECTION=@OLD_COLLATION_CONNECTION */;
